<?xml version="1.0" standalone="yes"?>
<kUI xmlns="http://tempuri.org/UI.xsd">
  <Panel>
    <X>0</X>
    <Y>0</Y>
    <FileName>topbanner.bmp</FileName>
  </Panel>
  <Panel>
    <X>0</X>
    <Y>256</Y>
    <FileName>bottombanner.bmp</FileName>
  </Panel>
  <General>
    <GDIFont>Arial</GDIFont>
    <Font>font.fnt</Font>
    <ShotBarX>28</ShotBarX>
    <ShotBarY>264</ShotBarY>
    <ShotBarWidth>60</ShotBarWidth>
    <ShotBarHeight>8</ShotBarHeight>
    <MisFireX>46</MisFireX>
    <MisFireY>280</MisFireY>
  </General>
</kUI>