﻿<?xml version="1.0" encoding="UTF-8"?>
<Recipe xmlns:xsi="http://www.w3.org/2001/XMLSchema-instance" xmlns:xd="http://schemas.microsoft.com/office/infopath/2003">
    <Title>Perfect Steaks</Title>
    <Background>
        <Author>Mike Mueller</Author>
        <History></History>
    </Background>
    <RecipeKeywords>
        <Keyword></Keyword>
    </RecipeKeywords>
    <RecipeInfo>
        <Difficulty>easy</Difficulty>
        <PreparationTime>5 minutes</PreparationTime>
        <CookTime>20 minutes</CookTime>
        <Yield>2 servings</Yield>
    </RecipeInfo>
    <Comments>This is the best way to cook a good steak. Serve with sautéed onions and mushrooms</Comments>
    <Ingredients>
        <Item Quantity="2">Choice boneless prime steaks about 1 inch thick</Item>
        <Item>salt</Item>
        <Item>pepper</Item>
    </Ingredients>
    <Directions>
        <Step>Salt and pepper the steaks on both sides. Let the steaks come to room temperature</Step>
        <Step>Preheat the oven to 350º</Step>
        <Step>Heat a 12 inch cast iron skillet for at least 2 minutes over high heat.</Step>
        <Step>Place the steaks in the hot skillet. Cook for 2 minutes. Do not move the steaks around in the pan</Step>
        <Step>Turn the steaks over and place the skillet into the oven</Step>
        <Step>Cook for about 15 minutes or until the steaks reach an internal temperature of 125º for medium rare.</Step>
        <Step>Rest the steaks for 5 minutes, then serve.</Step>
    </Directions>
   <Rating>9</Rating>
</Recipe>