<?xml version="1.0" standalone="yes"?>
<kLevel xmlns="http://tempuri.org/Level.xsd">
  <General>
    <ExplosionAudioId>3</ExplosionAudioId>
    <ScreenEdgeBuffer>10</ScreenEdgeBuffer>
    <EnableAutoUpFrameRate>true</EnableAutoUpFrameRate>
    <EnableAutoDownFrameRate>true</EnableAutoDownFrameRate>
    <FrameDropUpPercentage>20</FrameDropUpPercentage>
    <FrameDropDownPercentage>30</FrameDropDownPercentage>
    <FrameRateCheckRate>1.5</FrameRateCheckRate>
    <Gravity>80</Gravity>
    <NoCollision>false</NoCollision>
  </General>
  <Layer>
    <X>0</X>
    <Y>40</Y>
    <ScrollRate>7</ScrollRate>
    <ScrollIndices>0,0,0,0</ScrollIndices>
  </Layer>
  <Layer>
    <X>0</X>
    <Y>76</Y>
    <ScrollRate>20</ScrollRate>
    <ScrollIndices>1,2,1,2,2</ScrollIndices>
  </Layer>
  <Image><FileName>background1.bmp</FileName><Transparency>false</Transparency></Image>
  <Image><FileName>background2.bmp</FileName><Transparency>true</Transparency></Image>
  <Image><FileName>background3.bmp</FileName><Transparency>true</Transparency></Image>
</kLevel>